fname,lname,fname,lname
Jon,Jones,Jared,James
Justin,Mark,Jared,James
Brad,Knight,Jared,James
John,Smith,Franklin,Wong
Josh,Zell,Evan,Wallis
Andy,Vile,Evan,Wallis
Tom,Brand,Evan,Wallis
Jenny,Vos,Josh,Zell
Chris,Carter,Josh,Zell
Jeff,Chase,Kim,Grace
Franklin,Wong,James,Borg
Bonnie,Bays,Alex,Freed
Alec,Best,Alex,Freed
Sam,Snedden,Alex,Freed
Joyce,English,Franklin,Wong
Nandita,Ball,John,James
Jill,Jarvis,Bob,Bender
Kate,King,Bob,Bender
Lyle,Leslie,Jill,Jarvis
Billie,King,Lyle,Leslie
Jon,Kramer,Lyle,Leslie
Ray,King,Billie,King
Gerald,Small,Kate,King
Arnold,Head,Kate,King
Helga,Pataki,Kate,King
Naveen,Drew,Gerald,Small
Carl,Reedy,Naveen,Drew
Sammy,Hall,Carl,Reedy
Red,Bacher,Sammy,Hall
Ramesh,Narayan,Franklin,Wong
Jennifer,Wallace,James,Borg
Ahmad,Jabbar,Jennifer,Wallace
Alicia,Zelaya,Jennifer,Wallace
